timestamp,event_type,chosen_intent,intent_confidence,candidate_intents,safety_stage,safety_rule,safety_result,risk_level,execution_status,latency_ms,output_summary,uncertainty_reason,user_input_hash
2026-02-09T13:53:59.360329,INTENT_SELECTED,CALCULATOR,0.95,,,,,,,,,96231010,
2026-02-09T13:53:59.365111,SAFETY_CHECK,,,,,verification,ALLOW,low,,,,,
2026-02-09T13:53:59.404614,EXECUTION_RESULT,,,,,,,,completed,,🧮 10+5 = 15.00,,
2026-02-09T13:54:06.345922,INTENT_SELECTED,CHAT,0.95,,,,,,,,,e5eea487,
2026-02-09T13:54:06.353088,SAFETY_CHECK,,,,,verification,ALLOW,low,,,,,
2026-02-09T13:54:06.356086,EXECUTION_RESULT,,,,,,,,completed,,🧮 Calculator exited. What else can I help with?,,
2026-02-09T13:54:14.916977,INTENT_SELECTED,CHAT,0.95,,,,,,,,,e5eea487,
2026-02-09T13:54:14.919495,SAFETY_CHECK,,,,,verification,ALLOW,low,,,,,
2026-02-09T13:54:17.786134,EXECUTION_RESULT,,,,,,,,completed,,It looks like you're trying to monitor the observe,,
2026-02-09T14:04:32.053182,INTENT_SELECTED,CALCULATOR,0.95,,,,,,,,,,
2026-02-09T14:04:32.054164,SAFETY_CHECK,,,,,verification,ALLOW,low,,,,,
2026-02-09T14:04:32.060957,EXECUTION_RESULT,,,,,,,,completed,,🧮 10+5 = 15.00,,
2026-02-09T14:28:54.267984,INTENT_SELECTED,GREET,0.95,,,,,,,,,,
2026-02-09T14:28:54.270947,SAFETY_CHECK,,,,,verification,ALLOW,low,,,,,
2026-02-09T14:28:55.498087,EXECUTION_RESULT,,,,,,,,completed,,Hi Aman! It's so great to see you! How's your day ,,
2026-02-09T14:29:25.202066,INTENT_SELECTED,GREET,0.95,,,,,,,,,,
2026-02-09T14:29:25.205064,SAFETY_CHECK,,,,,verification,ALLOW,low,,,,,
2026-02-09T14:29:26.703090,EXECUTION_RESULT,,,,,,,,completed,,That's AMAZING! Congratulations on finally making ,,
2026-02-09T14:30:36.940350,INTENT_SELECTED,CHAT,0.95,,,,,,,,,,
2026-02-09T14:30:36.942353,SAFETY_CHECK,,,,,verification,ALLOW,low,,,,,
2026-02-09T14:30:38.610140,EXECUTION_RESULT,,,,,,,,completed,,Hi Aman! You're taking it to the next level! I lov,,
2026-02-09T14:31:28.813649,INTENT_SELECTED,EMOTION_SUPPORT,0.95,,,,,,,,,,
2026-02-09T14:31:28.815641,SAFETY_CHECK,,,,,verification,ALLOW,low,,,,,
2026-02-09T14:31:30.517238,EXECUTION_RESULT,,,,,,,,completed,,I'd say I'm feeling pretty proud and grateful! It',,
2026-02-09T14:43:37.707627,INTENT_SELECTED,GREET,0.95,,,,,,,,,,
2026-02-09T14:43:37.708635,SAFETY_CHECK,,,,,verification,ALLOW,low,,,,,
2026-02-09T14:43:38.857962,EXECUTION_RESULT,,,,,,,,completed,,¡Hola! It's so great to see you again! What brings,,
2026-02-09T14:43:57.542258,INTENT_SELECTED,CHAT,0.3,,,,,,,,,,
2026-02-09T14:43:57.545808,SAFETY_CHECK,,,,,verification,CLARIFY,low,,,,,
2026-02-09T14:43:57.545808,DECISION_NOTE,,,,,decision,PENDING_CONFIRM,,,,,,
2026-02-09T14:45:48.258672,INTENT_SELECTED,GREET,0.95,,,,,,,,,,
2026-02-09T14:45:48.260194,SAFETY_CHECK,,,,,verification,ALLOW,low,,,,,
2026-02-09T14:45:49.429931,EXECUTION_RESULT,,,,,,,,completed,,Hi Aman! It's so nice of you to say hello again! I,,
2026-02-09T14:46:49.265734,INTENT_SELECTED,ADVISOR,0.95,,,,,,,,,,
2026-02-09T14:46:49.266734,SAFETY_CHECK,,,,,verification,ALLOW,low,,,,,
2026-02-09T14:46:49.268129,EXECUTION_RESULT,,,,,,,,completed,,"😴 Feeling bored? Here's what I can do:

• 🎵 Music ",,
2026-02-09T14:47:15.011300,INTENT_SELECTED,ADVISOR,0.95,,,,,,,,,,
2026-02-09T14:47:15.012307,SAFETY_CHECK,,,,,verification,ALLOW,low,,,,,
2026-02-09T14:47:15.013299,EXECUTION_RESULT,,,,,,,,completed,,"😴 Feeling bored? Here's what I can do:

• 🎵 Music ",,
2026-02-09T14:47:56.396702,INTENT_SELECTED,ADVISOR,0.95,,,,,,,,,,
2026-02-09T14:47:56.397713,SAFETY_CHECK,,,,,verification,ALLOW,low,,,,,
2026-02-09T14:47:56.400224,EXECUTION_RESULT,,,,,,,,completed,,"😴 Feeling bored? Here's what I can do:

• 🎵 Music ",,
2026-02-09T14:49:24.307259,INTENT_SELECTED,ADVISOR,0.95,,,,,,,,,,
2026-02-09T14:49:24.308260,SAFETY_CHECK,,,,,verification,ALLOW,low,,,,,
2026-02-09T14:49:24.309260,EXECUTION_RESULT,,,,,,,,completed,,"😴 Feeling bored? Here's what I can do:

• 🎵 Music ",,
2026-02-09T14:54:19.154111,INTENT_SELECTED,ADVISOR,0.95,,,,,,,,,,
2026-02-09T14:54:19.155651,SAFETY_CHECK,,,,,verification,ALLOW,low,,,,,
2026-02-09T14:54:19.157948,EXECUTION_RESULT,,,,,,,,completed,,"😴 Feeling bored? Here's what I can do:

• 🎵 Music ",,
2026-02-10T08:08:02.471361,INTENT_SELECTED,CHAT,0.95,,,,,,,,,,
2026-02-10T08:08:02.517926,SAFETY_CHECK,,,,,verification,ALLOW,low,,,,,
2026-02-10T08:08:06.363270,EXECUTION_RESULT,,,,,,,,completed,,Hi Aman! I can do a lot of things to help you out.,,
2026-02-10T08:08:48.450853,INTENT_SELECTED,GREET,0.95,,,,,,,,,,
2026-02-10T08:08:48.451884,SAFETY_CHECK,,,,,verification,ALLOW,low,,,,,
2026-02-10T08:08:54.077782,EXECUTION_RESULT,,,,,,,,completed,,"Aman can refer to a few different things, but I'll",,
2026-02-10T08:09:39.482490,INTENT_SELECTED,CHAT,0.95,,,,,,,,,,
2026-02-10T08:09:39.484490,SAFETY_CHECK,,,,,verification,ALLOW,low,,,,,
2026-02-10T08:09:44.305281,EXECUTION_RESULT,,,,,,,,completed,,I don't have any information about your personal i,,
2026-02-10T08:10:00.505771,INTENT_SELECTED,GREET,0.95,,,,,,,,,,
2026-02-10T08:10:00.506770,SAFETY_CHECK,,,,,verification,ALLOW,low,,,,,
2026-02-10T08:10:03.113467,EXECUTION_RESULT,,,,,,,,completed,,"Nice to officially meet you, Aman! It's great that",,
2026-02-10T08:11:32.896108,INTENT_SELECTED,EMOTION_SUPPORT,0.95,,,,,,,,,,
2026-02-10T08:11:32.897109,SAFETY_CHECK,,,,,verification,ALLOW,low,,,,,
2026-02-10T08:11:36.165611,EXECUTION_RESULT,,,,,,,,completed,,I think there might be some confusion! I didn't ac,,
2026-02-10T08:12:12.090442,INTENT_SELECTED,CHAT,0.95,,,,,,,,,,
2026-02-10T08:12:12.091491,SAFETY_CHECK,,,,,verification,ALLOW,low,,,,,
2026-02-10T08:12:19.530893,EXECUTION_RESULT,,,,,,,,completed,,"Studying macroeconomics can seem daunting, but it ",,
2026-02-10T08:13:45.961251,INTENT_SELECTED,CHAT,0.95,,,,,,,,,,
2026-02-10T08:13:45.963262,SAFETY_CHECK,,,,,verification,ALLOW,low,,,,,
2026-02-10T08:13:54.328606,EXECUTION_RESULT,,,,,,,,completed,,"""Principles of Macroeconomics"" by Gregory Mankiw i",,
2026-02-10T08:15:31.429516,INTENT_SELECTED,CHAT,0.95,,,,,,,,,,
2026-02-10T08:15:31.432541,SAFETY_CHECK,,,,,verification,ALLOW,low,,,,,
2026-02-10T08:15:36.643901,EXECUTION_RESULT,,,,,,,,completed,,"Here's a concise summary of ""Principles of Macroec",,
2026-02-10T08:16:00.078457,INTENT_SELECTED,CHAT,0.95,,,,,,,,,,
2026-02-10T08:16:00.079455,SAFETY_CHECK,,,,,verification,ALLOW,low,,,,,
2026-02-10T08:16:01.401651,EXECUTION_RESULT,,,,,,,,completed,,"Is there anything else you'd like to know about ""P",,
2026-02-10T08:16:10.706699,INTENT_SELECTED,CHAT,0.95,,,,,,,,,,
2026-02-10T08:16:10.711293,SAFETY_CHECK,,,,,verification,ALLOW,low,,,,,
2026-02-10T08:16:21.820510,EXECUTION_RESULT,,,,,,,,completed,,Gross Domestic Product (GDP) measures the total va,,
2026-02-10T08:22:21.844069,INTENT_SELECTED,CALCULATOR,0.95,,,,,,,,,,
2026-02-10T08:22:21.846214,SAFETY_CHECK,,,,,verification,ALLOW,low,,,,,
2026-02-10T08:22:21.851532,EXECUTION_RESULT,,,,,,,,completed,,🕐 It's 08:22 AM right now!,,
2026-02-10T08:22:37.571657,INTENT_SELECTED,CALCULATOR,0.95,,,,,,,,,,
2026-02-10T08:22:37.573178,SAFETY_CHECK,,,,,verification,ALLOW,low,,,,,
2026-02-10T08:22:37.591152,EXECUTION_RESULT,,,,,,,,completed,,"🧮 Try simpler: 20-7, 5*3",,
2026-02-10T08:22:50.503556,INTENT_SELECTED,CALCULATOR,0.95,,,,,,,,,,
2026-02-10T08:22:50.504694,SAFETY_CHECK,,,,,verification,ALLOW,low,,,,,
2026-02-10T08:22:59.993990,INTENT_SELECTED,CHAT,0.95,,,,,,,,,,
2026-02-10T08:22:59.995062,SAFETY_CHECK,,,,,verification,ALLOW,low,,,,,
2026-02-10T08:22:59.997409,EXECUTION_RESULT,,,,,,,,completed,,🧮 Calculator exited. What else can I help with?,,
2026-02-10T08:23:07.133080,INTENT_SELECTED,GREET,0.95,,,,,,,,,,
2026-02-10T08:23:07.134089,SAFETY_CHECK,,,,,verification,ALLOW,low,,,,,
2026-02-10T08:23:09.664699,EXECUTION_RESULT,,,,,,,,completed,,Hi Aman! It's great to connect with you. What's on,,
2026-02-10T08:23:24.142892,INTENT_SELECTED,GET_TIME,0.95,,,,,,,,,,
2026-02-10T08:23:24.143900,SAFETY_CHECK,,,,,verification,ALLOW,low,,,,,
2026-02-10T08:23:24.145917,EXECUTION_RESULT,,,,,,,,completed,,🕐 It's 08:23 AM right now!,,
2026-02-10T08:23:37.229295,INTENT_SELECTED,GET_TIME,0.95,,,,,,,,,,
2026-02-10T08:23:37.230311,SAFETY_CHECK,,,,,verification,ALLOW,low,,,,,
2026-02-10T08:23:37.231310,EXECUTION_RESULT,,,,,,,,completed,,🕐 It's 08:23 AM right now!,,
2026-02-10T08:23:52.842957,INTENT_SELECTED,MUSIC,0.95,,,,,,,,,,
2026-02-10T08:23:52.844096,SAFETY_CHECK,,,,,verification,ALLOW,low,,,,,
2026-02-10T08:23:52.845110,EXECUTION_RESULT,,,,,,,,completed,,🕐 It's 08:23 AM right now!,,
2026-02-10T08:24:05.195400,INTENT_SELECTED,LIST_FILES,0.95,,,,,,,,,,
2026-02-10T08:24:05.196401,SAFETY_CHECK,,,,,verification,ALLOW,medium,,,,,
2026-02-10T08:24:05.197401,EXECUTION_RESULT,,,,,,,,completed,,"📁 Files: .env, calculator.py, chat_intent.py, conf",,
2026-02-10T08:24:22.183105,INTENT_SELECTED,CHAT,0.3,,,,,,,,,,
2026-02-10T08:24:22.184615,SAFETY_CHECK,,,,,verification,CLARIFY,low,,,,,
2026-02-10T08:24:22.185854,DECISION_NOTE,,,,,decision,PENDING_CONFIRM,,,,,,
